{"cameraMode":{"drawMode":0,"name":"Shaded","section":"Shading Mode"},"sceneLighting":false,"audioPlay":false,"sceneViewState":{"m_AlwaysRefresh":false,"showFog":true,"showSkybox":false,"showFlares":true,"showImageEffects":true,"showParticleSystems":true,"showVisualEffectGraphs":true,"m_FxEnabled":true},"in2DMode":false,"pivot":{"x":0.09125000238418579,"y":0.12999999523162843,"z":5.691999912261963},"rotation":{"x":-0.15545664727687837,"y":0.2924305200576782,"z":-0.04823474958539009,"w":-0.9423090219497681},"size":0.353604257106781,"orthographic":true}