{"cameraMode":{"drawMode":0,"name":"Shaded","section":"Shading Mode"},"sceneLighting":true,"audioPlay":false,"sceneViewState":{"m_AlwaysRefresh":false,"showFog":true,"showSkybox":true,"showFlares":true,"showImageEffects":true,"showParticleSystems":true,"showVisualEffectGraphs":true,"m_FxEnabled":true},"in2DMode":false,"pivot":{"x":0.5690288543701172,"y":2.7755167484283449,"z":28.853673934936525},"rotation":{"x":0.059880807995796207,"y":-0.05301318317651749,"z":0.0031799429561942817,"w":0.9967960119247437},"size":16.063337326049806,"orthographic":true}