{"cameraMode":{"drawMode":0,"name":"Shaded","section":"Shading Mode"},"sceneLighting":false,"audioPlay":false,"sceneViewState":{"m_AlwaysRefresh":false,"showFog":true,"showSkybox":false,"showFlares":true,"showImageEffects":true,"showParticleSystems":true,"showVisualEffectGraphs":true,"m_FxEnabled":true},"in2DMode":false,"pivot":{"x":0.09125000238418579,"y":0.12999999523162843,"z":6.550000190734863},"rotation":{"x":-0.2038511484861374,"y":0.258731484413147,"z":-0.05595050007104874,"w":-0.9425212740898132},"size":0.7054511308670044,"orthographic":true}