{"cameraMode":{"drawMode":0,"name":"Shaded","section":"Shading Mode"},"sceneLighting":false,"audioPlay":false,"sceneViewState":{"m_AlwaysRefresh":false,"showFog":true,"showSkybox":false,"showFlares":true,"showImageEffects":true,"showParticleSystems":true,"showVisualEffectGraphs":true,"m_FxEnabled":true},"in2DMode":false,"pivot":{"x":1.4901161193847657e-8,"y":0.2229834496974945,"z":0.0030409246683120729},"rotation":{"x":0.006797267589718103,"y":-0.9253326654434204,"z":0.3787418305873871,"w":0.016644485294818879},"size":0.3004325032234192,"orthographic":true}