{"cameraMode":{"drawMode":0,"name":"Shaded","section":"Shading Mode"},"sceneLighting":false,"audioPlay":false,"sceneViewState":{"m_AlwaysRefresh":false,"showFog":true,"showSkybox":false,"showFlares":true,"showImageEffects":true,"showParticleSystems":true,"showVisualEffectGraphs":true,"m_FxEnabled":true},"in2DMode":false,"pivot":{"x":-0.06316804885864258,"y":0.4142099618911743,"z":0.9521889686584473},"rotation":{"x":-0.04332314059138298,"y":0.08621734380722046,"z":-0.0037535273004323246,"w":-0.9953147172927856},"size":2.530073642730713,"orthographic":true}